{"generator":"duoshuo","version":"0.1","threads":[{"site_id":"1348809","thread_id":6391266213548262146,"created_at":"2017-02-26T12:17:06+08:00","updated_at":"2017-02-26T12:17:06+08:00","likes":0,"views":0,"thread_key":"8d6fdeecf0c6006a0f4d880c576f54a8","title":"","url":"http:\/\/shenbao.github.io\/about\/","author_key":"","author_id":0},{"site_id":"1348809","thread_id":6391266692105765633,"created_at":"2017-02-26T12:18:57+08:00","updated_at":"2017-02-26T19:05:49+08:00","likes":4,"views":0,"thread_key":"\/2017\/02\/24\/hello-2017","title":"Hello 2017","url":"https:\/\/shenbao.github.io\/2017\/02\/24\/hello-2017\/","author_key":"","author_id":0},{"site_id":"1348809","thread_id":6391275097725862657,"created_at":"2017-02-26T12:51:34+08:00","updated_at":"2017-02-28T00:46:16+08:00","likes":4,"views":0,"thread_key":"c9e90d01c328bd2620d5f731c9c2e254","title":"About Me","url":"https:\/\/shenbao.github.io\/about\/","author_key":"","author_id":0},{"site_id":"1348809","thread_id":6391295460119675650,"created_at":"2017-02-26T14:10:35+08:00","updated_at":"2017-02-26T20:41:16+08:00","likes":1,"views":0,"thread_key":"97abbe7bb74c2dca92622816c7bfcefb","title":"About Me","url":"http:\/\/localhost:4000\/about\/","author_key":"","author_id":0},{"site_id":"1348809","thread_id":6391309981341188866,"created_at":"2017-02-26T15:06:56+08:00","updated_at":"2017-02-26T19:32:47+08:00","likes":4,"views":0,"thread_key":"\/2017\/02\/26\/share start blog","title":"\u57fa\u4e8eGitHub\u548cJekyll\u7684\u535a\u5ba2\u642d\u5efa","url":"https:\/\/shenbao.github.io\/2017\/02\/26\/share-start-blog\/","author_key":"","author_id":0},{"site_id":"1348809","thread_id":6391321298961695490,"created_at":"2017-02-26T15:50:51+08:00","updated_at":"2017-02-26T15:50:51+08:00","likes":1,"views":0,"thread_key":"66e7d9bbc16bf55d9ff6d81161d3f76d","title":"About","url":"http:\/\/\/about\/","author_key":"","author_id":0},{"site_id":"1348809","thread_id":6391360355599123201,"created_at":"2017-02-26T18:22:25+08:00","updated_at":"2017-02-26T18:22:25+08:00","likes":0,"views":0,"thread_key":"\/2017\/02\/25\/hello-2017","title":"Hello 2017","url":"http:\/\/localhost:4000\/2017\/02\/25\/hello-2017\/","author_key":"","author_id":0},{"site_id":"1348809","thread_id":6391362243103032065,"created_at":"2017-02-26T18:29:44+08:00","updated_at":"2017-02-26T18:29:44+08:00","likes":0,"views":0,"thread_key":"shenbao\/portfolio","title":"Portfolio","url":"http:\/\/localhost:4000\/portfolio\/","author_key":"","author_id":0},{"site_id":"1348809","thread_id":6391825362665341698,"created_at":"2017-02-28T00:26:53+08:00","updated_at":"2017-02-28T00:26:53+08:00","likes":2,"views":0,"thread_key":"\/2017\/02\/28\/kuaisugaodingES6xintezheng","title":"\u5feb\u901f\u641e\u5b9a\u5e38\u7528\u7684ES6\u65b0\u7279\u6027","url":"https:\/\/shenbao.github.io\/2017\/02\/28\/kuaisugaodingES6xintezheng\/","author_key":"","author_id":0},{"site_id":"1348809","thread_id":6392013960035435265,"created_at":"2017-02-28T12:38:44+08:00","updated_at":"2017-02-28T12:38:44+08:00","likes":0,"views":0,"thread_key":"\/2017\/02\/28\/JSshujuleixingjiance","title":"JS\u6570\u636e\u7c7b\u578b\u68c0\u6d4b\u7684\u65b9\u6cd5","url":"https:\/\/shenbao.github.io\/2017\/02\/28\/JSshujuleixingjiance\/","author_key":"","author_id":0},{"site_id":"1348809","thread_id":6392014391029531394,"created_at":"2017-02-28T12:40:24+08:00","updated_at":"2017-02-28T12:40:24+08:00","likes":0,"views":0,"thread_key":"\/2017\/02\/27\/kuaisugaodingES6xintezheng","title":"\u5feb\u901f\u641e\u5b9a\u5e38\u7528\u7684ES6\u65b0\u7279\u6027","url":"https:\/\/shenbao.github.io\/2017\/02\/27\/kuaisugaodingES6xintezheng\/","author_key":"","author_id":0},{"site_id":"1348809","thread_id":6392187378030609154,"created_at":"2017-02-28T23:51:41+08:00","updated_at":"2017-02-28T23:51:41+08:00","likes":0,"views":0,"thread_key":"\/2017\/02\/21\/Javascript\u672c\u5730\u5b58\u50a8","title":"Javascript\u672c\u5730\u5b58\u50a8","url":"https:\/\/shenbao.github.io\/2017\/02\/21\/Javascript%E6%9C%AC%E5%9C%B0%E5%AD%98%E5%82%A8\/","author_key":"","author_id":0},{"site_id":"1348809","thread_id":6392189216134005506,"created_at":"2017-02-28T23:58:49+08:00","updated_at":"2017-02-28T23:58:49+08:00","likes":1,"views":0,"thread_key":"\/2017\/02\/28\/JS\u6570\u636e\u7c7b\u578b\u68c0\u6d4b\u7684\u65b9\u6cd5","title":"JS\u6570\u636e\u7c7b\u578b\u68c0\u6d4b\u7684\u65b9\u6cd5","url":"https:\/\/shenbao.github.io\/2017\/02\/28\/JS%E6%95%B0%E6%8D%AE%E7%B1%BB%E5%9E%8B%E6%A3%80%E6%B5%8B%E7%9A%84%E6%96%B9%E6%B3%95\/","author_key":"","author_id":0},{"site_id":"1348809","thread_id":6392189402549846786,"created_at":"2017-02-28T23:59:32+08:00","updated_at":"2017-02-28T23:59:32+08:00","likes":0,"views":0,"thread_key":"\/2017\/02\/27\/\u5feb\u901f\u641e\u5b9a\u5e38\u7528\u7684ES6\u65b0\u7279\u6027","title":"\u5feb\u901f\u641e\u5b9a\u5e38\u7528\u7684ES6\u65b0\u7279\u6027","url":"https:\/\/shenbao.github.io\/2017\/02\/27\/%E5%BF%AB%E9%80%9F%E6%90%9E%E5%AE%9A%E5%B8%B8%E7%94%A8%E7%9A%84ES6%E6%96%B0%E7%89%B9%E6%80%A7\/","author_key":"","author_id":0},{"site_id":"1348809","thread_id":6392191170692252417,"created_at":"2017-03-01T00:06:24+08:00","updated_at":"2017-03-01T00:06:24+08:00","likes":2,"views":0,"thread_key":"\/2016\/11\/11\/Hello Blog","title":"Hello Blog","url":"https:\/\/shenbao.github.io\/2016\/11\/11\/Hello-Blog\/","author_key":"","author_id":0},{"site_id":"1348809","thread_id":6392383210449273602,"created_at":"2017-03-01T12:31:37+08:00","updated_at":"2017-03-01T12:31:37+08:00","likes":0,"views":0,"thread_key":"\/2016\/11\/12\/Hello Blog","title":"Hello Blog","url":"http:\/\/localhost:4000\/2016\/11\/12\/Hello-Blog\/","author_key":"","author_id":0},{"site_id":"1348809","thread_id":6392566940325380866,"created_at":"2017-03-02T00:24:35+08:00","updated_at":"2017-03-02T00:24:35+08:00","likes":0,"views":0,"thread_key":"\/2017\/02\/22\/Javascript\u672c\u5730\u5b58\u50a8","title":"Javascript\u672c\u5730\u5b58\u50a8","url":"http:\/\/localhost:4000\/2017\/02\/22\/Javascript%E6%9C%AC%E5%9C%B0%E5%AD%98%E5%82%A8\/","author_key":"","author_id":0},{"site_id":"1348809","thread_id":"6392922166504981249","created_at":"2017-03-02T23:23:02+08:00","updated_at":"2017-03-02T23:23:02+08:00","likes":0,"views":0,"thread_key":"\/2017\/02\/19\/Javascript use of  regular","title":"\u6b63\u5219\u57fa\u7840","url":"https:\/\/shenbao.github.io\/2017\/02\/19\/Javascript-use-of-regular\/","author_key":"","author_id":0},{"site_id":"1348809","thread_id":"6392924436617495297","created_at":"2017-03-02T23:31:51+08:00","updated_at":"2017-03-02T23:31:51+08:00","likes":0,"views":0,"thread_key":"\/2017\/02\/21\/Javascript Localstorage","title":"Javascript\u672c\u5730\u5b58\u50a8","url":"https:\/\/shenbao.github.io\/2017\/02\/21\/Javascript-Localstorage\/","author_key":"","author_id":0},{"site_id":"1348809","thread_id":"6392924436625883906","created_at":"2017-03-02T23:31:51+08:00","updated_at":"2017-03-02T23:31:51+08:00","likes":0,"views":0,"thread_key":"\/2017\/02\/21\/Javascript Localstorage","title":"Javascript\u672c\u5730\u5b58\u50a8","url":"https:\/\/shenbao.github.io\/2017\/02\/21\/Javascript-Localstorage\/","author_key":"","author_id":0},{"site_id":"1348809","thread_id":"6392924466954896130","created_at":"2017-03-02T23:31:58+08:00","updated_at":"2017-03-02T23:31:58+08:00","likes":0,"views":0,"thread_key":"\/2017\/02\/23\/Javascript Test  data type","title":"JS\u6570\u636e\u7c7b\u578b\u68c0\u6d4b\u7684\u65b9\u6cd5","url":"https:\/\/shenbao.github.io\/2017\/02\/23\/Javascript-Test-data-type\/","author_key":"","author_id":0},{"site_id":"1348809","thread_id":6392924497418126081,"created_at":"2017-03-02T23:32:05+08:00","updated_at":"2017-03-02T23:32:05+08:00","likes":2,"views":0,"thread_key":"\/2017\/02\/27\/Quickly use of ES6","title":"\u5feb\u901f\u641e\u5b9a\u5e38\u7528\u7684ES6\u65b0\u7279\u6027","url":"https:\/\/shenbao.github.io\/2017\/02\/27\/Quickly-use-of-ES6\/","author_key":"","author_id":0},{"site_id":"1348809","thread_id":"6392933733988565761","created_at":"2017-03-03T00:07:56+08:00","updated_at":"2017-03-03T00:07:56+08:00","likes":1,"views":0,"thread_key":"\/2016\/11\/12\/CSS Coding specification","title":"CSS \u7f16\u7801\u89c4\u8303","url":"https:\/\/shenbao.github.io\/2016\/11\/12\/CSS-Coding-specification\/","author_key":"","author_id":0},{"site_id":"1348809","thread_id":6392933890939421441,"created_at":"2017-03-03T00:08:32+08:00","updated_at":"2017-03-03T00:08:32+08:00","likes":0,"views":0,"thread_key":"\/2016\/11\/14\/JavaScript Coding specification","title":"JavaScript \u7f16\u7801\u89c4\u8303","url":"https:\/\/shenbao.github.io\/2016\/11\/14\/JavaScript-Coding-specification\/","author_key":"","author_id":0},{"site_id":"1348809","thread_id":6393313693836247809,"created_at":"2017-03-04T00:42:22+08:00","updated_at":"2017-03-04T00:42:22+08:00","likes":1,"views":0,"thread_key":"\/2017\/02\/18\/Javascript undefined\u3001null\u30010\u3001false","title":"\u533a\u5206JS\u4e2d\u7684undefined,null, ' ' ,0\u548cfalse","url":"https:\/\/shenbao.github.io\/2017\/02\/18\/Javascript-undefined-null-0-false\/","author_key":"","author_id":0},{"site_id":"1348809","thread_id":"6393319916451136258","created_at":"2017-03-04T01:06:31+08:00","updated_at":"2017-03-04T01:06:31+08:00","likes":0,"views":0,"thread_key":"\/2016\/11\/15\/share start blog","title":"\u57fa\u4e8eGitHub\u548cJekyll\u7684\u535a\u5ba2\u642d\u5efa","url":"https:\/\/shenbao.github.io\/2016\/11\/15\/share-start-blog\/","author_key":"","author_id":0},{"site_id":"1348809","thread_id":"6393668889422594817","created_at":"2017-03-04T23:40:42+08:00","updated_at":"2017-03-04T23:40:42+08:00","likes":0,"views":0,"thread_key":"\/2016\/11\/16\/share start blog","title":"\u57fa\u4e8eGitHub\u548cJekyll\u7684\u535a\u5ba2\u642d\u5efa","url":"http:\/\/localhost:4000\/2016\/11\/16\/share-start-blog\/","author_key":"","author_id":0},{"site_id":"1348809","thread_id":"6394018023404995330","created_at":"2017-03-05T22:15:31+08:00","updated_at":"2017-03-05T22:15:31+08:00","likes":0,"views":0,"thread_key":"\/2017\/02\/28\/Quickly use of ES6","title":"\u5feb\u901f\u641e\u5b9a\u5e38\u7528\u7684ES6\u65b0\u7279\u6027222","url":"http:\/\/localhost:4000\/2017\/02\/28\/Quickly-use-of-ES6\/","author_key":"","author_id":0},{"site_id":"1348809","thread_id":"6394019839916114690","created_at":"2017-03-05T22:22:34+08:00","updated_at":"2017-03-05T22:22:34+08:00","likes":0,"views":0,"thread_key":"\/2017\/02\/19\/Javascript undefined\u3001null\u30010\u3001false","title":"\u533a\u5206JS\u4e2d\u7684undefined,null, ' ' ,0\u548cfalse","url":"http:\/\/localhost:4000\/2017\/02\/19\/Javascript-undefined-null-0-false\/","author_key":"","author_id":0},{"site_id":"1348809","thread_id":"6394041651257410306","created_at":"2017-03-05T23:47:13+08:00","updated_at":"2017-03-05T23:47:13+08:00","likes":0,"views":0,"thread_key":"\/2017\/02\/17\/Javascript 0.1+0.2 != 0.3","title":"JavaScript\u4e2d0.1+0.2\u4e0d\u7b49\u4e8e0.3","url":"http:\/\/localhost:4000\/2017\/02\/17\/Javascript-0.1+0.2-!=-0.3\/","author_key":"","author_id":0},{"site_id":"1348809","thread_id":"6394043927699129089","created_at":"2017-03-05T23:56:03+08:00","updated_at":"2017-03-05T23:56:03+08:00","likes":0,"views":0,"thread_key":"\/2017\/02\/16\/Javascript 0.1+0.2 != 0.3","title":"JavaScript\u4e2d0.1+0.2\u4e0d\u7b49\u4e8e0.3","url":"https:\/\/shenbao.github.io\/2017\/02\/16\/Javascript-0.1+0.2-!=-0.3\/","author_key":"","author_id":0},{"site_id":"1348809","thread_id":"6397973969542054657","created_at":"2017-03-16T14:06:37+08:00","updated_at":"2017-03-16T14:06:37+08:00","likes":0,"views":0,"thread_key":"\/2016\/11\/15\/JavaScript Coding specification","title":"JavaScript \u7f16\u7801\u89c4\u8303","url":"http:\/\/localhost:4000\/2016\/11\/15\/JavaScript-Coding-specification\/","author_key":"","author_id":0},{"site_id":"1348809","thread_id":"6397974309385536257","created_at":"2017-03-16T14:07:56+08:00","updated_at":"2017-03-16T14:07:56+08:00","likes":0,"views":0,"thread_key":"\/2016\/11\/13\/CSS Coding specification","title":"CSS \u7f16\u7801\u89c4\u8303","url":"http:\/\/localhost:4000\/2016\/11\/13\/CSS-Coding-specification\/","author_key":"","author_id":0},{"site_id":"1348809","thread_id":"6398710032719938305","created_at":"2017-03-18T13:42:55+08:00","updated_at":"2017-03-18T13:42:55+08:00","likes":0,"views":0,"thread_key":"\/2017\/02\/22\/Javascript Localstorage","title":"Javascript\u672c\u5730\u5b58\u50a8","url":"http:\/\/localhost:4000\/2017\/02\/22\/Javascript-Localstorage\/","author_key":"","author_id":0},{"site_id":"1348809","thread_id":"6398763651158770433","created_at":"2017-03-18T17:10:59+08:00","updated_at":"2017-03-18T17:10:59+08:00","likes":0,"views":0,"thread_key":"\/2017\/02\/20\/Javascript use of  regular","title":"\u6b63\u5219\u57fa\u7840","url":"http:\/\/localhost:4000\/2017\/02\/20\/Javascript-use-of-regular\/","author_key":"","author_id":0},{"site_id":"1348809","thread_id":"6399854212733207298","created_at":"2017-03-21T15:42:55+08:00","updated_at":"2017-03-21T15:42:55+08:00","likes":1,"views":0,"thread_key":"\/2017\/03\/21\/Add Sublime Text3 to right menu","title":"\u5c06Sublime Text3\u6dfb\u52a0\u5230\u53f3\u952e\u83dc\u5355\u4e2d","url":"https:\/\/shenbao.github.io\/2017\/03\/21\/Add-Sublime-Text3-to-right-menu\/","author_key":"","author_id":0},{"site_id":"1348809","thread_id":"6399965045509325570","created_at":"2017-03-21T22:53:00+08:00","updated_at":"2017-03-21T22:53:00+08:00","likes":0,"views":0,"thread_key":"\/2017\/02\/28\/Quickly use of ES6 - \u526f\u672c","title":"\u5feb\u901f\u641e\u5b9a\u5e38\u7528\u7684ES6\u65b0\u7279\u6027","url":"http:\/\/localhost:4000\/2017\/02\/28\/Quickly-use-of-ES6-%E5%89%AF%E6%9C%AC\/","author_key":"","author_id":0},{"site_id":"1348809","thread_id":6399985886091543298,"created_at":"2017-03-22T00:13:53+08:00","updated_at":"2017-03-22T00:13:53+08:00","likes":0,"views":0,"thread_key":"\/2017\/03\/20\/Add Sublime Text3 to right menu","title":"\u5c06Sublime Text3\u6dfb\u52a0\u5230\u53f3\u952e\u83dc\u5355\u4e2d","url":"https:\/\/shenbao.github.io\/2017\/03\/20\/Add-Sublime-Text3-to-right-menu\/","author_key":"","author_id":0},{"site_id":"1348809","thread_id":"6400726403691578114","created_at":"2017-03-24T00:07:28+08:00","updated_at":"2017-03-24T00:07:28+08:00","likes":0,"views":0,"thread_key":"\/2016\/02\/11\/JavaScripts History","title":"JavaScript\u8bed\u8a00\u7684\u5386\u53f2","url":"http:\/\/localhost:4000\/2016\/02\/11\/JavaScripts-History\/","author_key":"","author_id":0},{"site_id":"1348809","thread_id":"6400730316012520194","created_at":"2017-03-24T00:22:39+08:00","updated_at":"2017-03-24T00:22:39+08:00","likes":1,"views":0,"thread_key":"\/2016\/02\/10\/JavaScripts History","title":"JavaScript\u8bed\u8a00\u7684\u5386\u53f2","url":"https:\/\/shenbao.github.io\/2016\/02\/10\/JavaScripts-History\/","author_key":"","author_id":0},{"site_id":"1348809","thread_id":"6400924214936732418","created_at":"2017-03-24T12:55:04+08:00","updated_at":"2017-03-24T12:55:04+08:00","likes":0,"views":0,"thread_key":"\/2016\/02\/13\/JavaScripts Basic","title":"JavaScript\u57fa\u672c\u8bed\u6cd5","url":"http:\/\/localhost:4000\/2016\/02\/13\/JavaScripts-Basic\/","author_key":"","author_id":0},{"site_id":"1348809","thread_id":"6400930069497250561","created_at":"2017-03-24T13:17:48+08:00","updated_at":"2017-03-24T13:17:48+08:00","likes":0,"views":0,"thread_key":"\/2016\/02\/15\/JavaScripts types","title":"JavaScript \u6570\u636e\u7c7b\u578b","url":"http:\/\/localhost:4000\/2016\/02\/15\/JavaScripts-types\/","author_key":"","author_id":0},{"site_id":"1348809","thread_id":"6400930069493056257","created_at":"2017-03-24T13:17:48+08:00","updated_at":"2017-03-24T13:17:48+08:00","likes":0,"views":0,"thread_key":"\/2016\/02\/15\/JavaScripts types","title":"JavaScript \u6570\u636e\u7c7b\u578b","url":"http:\/\/localhost:4000\/2016\/02\/15\/JavaScripts-types\/","author_key":"","author_id":0},{"site_id":"1348809","thread_id":"6400931663865447170","created_at":"2017-03-24T13:23:59+08:00","updated_at":"2017-03-24T13:23:59+08:00","likes":1,"views":0,"thread_key":"\/2016\/02\/14\/JavaScripts types","title":"JavaScript \u6570\u636e\u7c7b\u578b","url":"https:\/\/shenbao.github.io\/2016\/02\/14\/JavaScripts-types\/","author_key":"","author_id":0},{"site_id":"1348809","thread_id":"6400932886765110017","created_at":"2017-03-24T13:28:44+08:00","updated_at":"2017-03-24T13:28:44+08:00","likes":0,"views":0,"thread_key":"\/2016\/02\/12\/JavaScripts Basic","title":"JavaScript\u57fa\u672c\u8bed\u6cd5","url":"https:\/\/shenbao.github.io\/2016\/02\/12\/JavaScripts-Basic\/","author_key":"","author_id":0},{"site_id":"1348809","thread_id":"6400963257300943617","created_at":"2017-03-24T15:26:35+08:00","updated_at":"2017-03-24T15:26:35+08:00","likes":0,"views":0,"thread_key":"\/2015\/11\/14\/JavaScripts types","title":"JavaScript \u6570\u636e\u7c7b\u578b","url":"https:\/\/shenbao.github.io\/2015\/11\/14\/JavaScripts-types\/","author_key":"","author_id":0},{"site_id":"1348809","thread_id":"6401100999301268225","created_at":"2017-03-25T00:21:05+08:00","updated_at":"2017-03-25T00:21:05+08:00","likes":0,"views":0,"thread_key":"\/2015\/11\/10\/JavaScripts History","title":"JavaScript \u8bed\u8a00\u7684\u5386\u53f2","url":"https:\/\/shenbao.github.io\/2015\/11\/10\/JavaScripts-History\/","author_key":"","author_id":0},{"site_id":"1348809","thread_id":"6401253351136166658","created_at":"2017-03-25T10:12:17+08:00","updated_at":"2017-03-25T10:12:17+08:00","likes":0,"views":0,"thread_key":"\/2015\/11\/12\/JavaScripts Basic","title":"JavaScript \u57fa\u672c\u8bed\u6cd5","url":"https:\/\/shenbao.github.io\/2015\/11\/12\/JavaScripts-Basic\/","author_key":"","author_id":0},{"site_id":"1348809","thread_id":"6401453235038585601","created_at":"2017-03-25T23:07:57+08:00","updated_at":"2017-03-25T23:07:57+08:00","likes":0,"views":0,"thread_key":"\/2015\/11\/15\/JavaScripts types","title":"JavaScript \u6570\u636e\u7c7b\u578b","url":"http:\/\/localhost:4000\/2015\/11\/15\/JavaScripts-types\/","author_key":"","author_id":0},{"site_id":"1348809","thread_id":"6401455006544823041","created_at":"2017-03-25T23:14:49+08:00","updated_at":"2017-03-25T23:14:49+08:00","likes":0,"views":0,"thread_key":"\/2015\/11\/18\/JavaScripts number","title":"JavaScript \u6570\u503c","url":"http:\/\/localhost:4000\/2015\/11\/18\/JavaScripts-number\/","author_key":"","author_id":0},{"site_id":"1348809","thread_id":"6401456208481354498","created_at":"2017-03-25T23:19:29+08:00","updated_at":"2017-03-25T23:19:29+08:00","likes":0,"views":0,"thread_key":"\/2015\/11\/21\/JavaScripts string","title":"JavaScript \u5b57\u7b26\u4e32","url":"http:\/\/localhost:4000\/2015\/11\/21\/JavaScripts-string\/","author_key":"","author_id":0},{"site_id":"1348809","thread_id":"6401457069093815041","created_at":"2017-03-25T23:22:49+08:00","updated_at":"2017-03-25T23:22:49+08:00","likes":0,"views":0,"thread_key":"\/2015\/11\/25\/JavaScripts object","title":"JavaScript \u5bf9\u8c61","url":"http:\/\/localhost:4000\/2015\/11\/25\/JavaScripts-object\/","author_key":"","author_id":0},{"site_id":"1348809","thread_id":"6401458940663563009","created_at":"2017-03-25T23:30:05+08:00","updated_at":"2017-03-25T23:30:05+08:00","likes":0,"views":0,"thread_key":"\/2015\/11\/11\/JavaScripts History","title":"JavaScript \u8bed\u8a00\u7684\u5386\u53f2","url":"http:\/\/localhost:4000\/2015\/11\/11\/JavaScripts-History\/","author_key":"","author_id":0},{"site_id":"1348809","thread_id":"6401459590684214018","created_at":"2017-03-25T23:32:36+08:00","updated_at":"2017-03-25T23:32:36+08:00","likes":0,"views":0,"thread_key":"\/2015\/11\/30\/JavaScripts array","title":"JavaScript \u6570\u7ec4","url":"http:\/\/localhost:4000\/2015\/11\/30\/JavaScripts-array\/","author_key":"","author_id":0},{"site_id":"1348809","thread_id":"6401463502090797825","created_at":"2017-03-25T23:47:47+08:00","updated_at":"2017-03-25T23:47:47+08:00","likes":0,"views":0,"thread_key":"\/2016\/06\/15\/JavaScript Coding specification","title":"JavaScript \u7f16\u7801\u89c4\u8303","url":"http:\/\/localhost:4000\/2016\/06\/15\/JavaScript-Coding-specification\/","author_key":"","author_id":0},{"site_id":"1348809","thread_id":"6401467614610064129","created_at":"2017-03-26T00:03:45+08:00","updated_at":"2017-03-26T00:03:45+08:00","likes":0,"views":0,"thread_key":"\/2016\/05\/12\/CSS Coding specification","title":"CSS \u7f16\u7801\u89c4\u8303","url":"https:\/\/shenbao.github.io\/2016\/05\/12\/CSS-Coding-specification\/","author_key":"","author_id":0},{"site_id":"1348809","thread_id":"6401471500699828993","created_at":"2017-03-26T00:18:49+08:00","updated_at":"2017-03-26T00:18:49+08:00","likes":0,"views":0,"thread_key":"\/2015\/12\/18\/JavaScripts style","title":"JavaScript \u7f16\u7a0b\u98ce\u683c","url":"http:\/\/localhost:4000\/2015\/12\/18\/JavaScripts-style\/","author_key":"","author_id":0},{"site_id":"1348809","thread_id":"6401471766069248769","created_at":"2017-03-26T00:19:51+08:00","updated_at":"2017-03-26T00:19:51+08:00","likes":0,"views":0,"thread_key":"\/2015\/12\/14\/JavaScripts error","title":"JavaScript \u9519\u8bef\u5904\u7406\u673a\u5236","url":"http:\/\/localhost:4000\/2015\/12\/14\/JavaScripts-error\/","author_key":"","author_id":0},{"site_id":"1348809","thread_id":"6401471888282878721","created_at":"2017-03-26T00:20:20+08:00","updated_at":"2017-03-26T00:20:20+08:00","likes":0,"views":0,"thread_key":"\/2015\/12\/11\/JavaScripts conversion","title":"JavaScript \u6570\u636e\u7c7b\u578b\u8f6c\u6362","url":"http:\/\/localhost:4000\/2015\/12\/11\/JavaScripts-conversion\/","author_key":"","author_id":0},{"site_id":"1348809","thread_id":"6401472052393411329","created_at":"2017-03-26T00:20:58+08:00","updated_at":"2017-03-26T00:20:58+08:00","likes":0,"views":0,"thread_key":"\/2015\/12\/07\/JavaScripts operator","title":"JavaScript \u8fd0\u7b97\u7b26","url":"http:\/\/localhost:4000\/2015\/12\/07\/JavaScripts-operator\/","author_key":"","author_id":0},{"site_id":"1348809","thread_id":"6401472053613953793","created_at":"2017-03-26T00:20:58+08:00","updated_at":"2017-03-26T00:20:58+08:00","likes":0,"views":0,"thread_key":"\/2015\/12\/07\/JavaScripts function","title":"JavaScript \u51fd\u6570","url":"http:\/\/localhost:4000\/2015\/12\/07\/JavaScripts-function\/","author_key":"","author_id":0},{"site_id":"1348809","thread_id":"6401479144084865793","created_at":"2017-03-26T00:48:29+08:00","updated_at":"2017-03-26T00:48:29+08:00","likes":0,"views":0,"thread_key":"\/2015\/12\/17\/JavaScripts style","title":"JavaScript \u7f16\u7a0b\u98ce\u683c","url":"https:\/\/shenbao.github.io\/2015\/12\/17\/JavaScripts-style\/","author_key":"","author_id":0},{"site_id":"1348809","thread_id":"6401479446271886081","created_at":"2017-03-26T00:49:39+08:00","updated_at":"2017-03-26T00:49:39+08:00","likes":0,"views":0,"thread_key":"\/2015\/12\/13\/JavaScripts error","title":"JavaScript \u9519\u8bef\u5904\u7406\u673a\u5236","url":"https:\/\/shenbao.github.io\/2015\/12\/13\/JavaScripts-error\/","author_key":"","author_id":0},{"site_id":"1348809","thread_id":"6401601596886614785","created_at":"2017-03-26T08:43:40+08:00","updated_at":"2017-03-26T08:43:40+08:00","likes":0,"views":0,"thread_key":"\/2015\/12\/06\/JavaScripts function","title":"JavaScript \u51fd\u6570","url":"https:\/\/shenbao.github.io\/2015\/12\/06\/JavaScripts-function\/","author_key":"","author_id":0},{"site_id":"1348809","thread_id":"6401818253697483522","created_at":"2017-03-26T22:44:24+08:00","updated_at":"2017-03-26T22:44:24+08:00","likes":0,"views":0,"thread_key":"\/2015\/12\/06\/JavaScripts operator","title":"JavaScript \u8fd0\u7b97\u7b26","url":"https:\/\/shenbao.github.io\/2015\/12\/06\/JavaScripts-operator\/","author_key":"","author_id":0},{"site_id":"1348809","thread_id":"6401819016343585537","created_at":"2017-03-26T22:47:22+08:00","updated_at":"2017-03-26T22:47:22+08:00","likes":0,"views":0,"thread_key":"\/2015\/12\/04\/JavaScripts function","title":"JavaScript \u51fd\u6570","url":"http:\/\/localhost:4000\/2015\/12\/04\/JavaScripts-function\/","author_key":"","author_id":0},{"site_id":"1348809","thread_id":"6401823455699796737","created_at":"2017-03-26T23:04:35+08:00","updated_at":"2017-03-26T23:04:35+08:00","likes":0,"views":0,"thread_key":"\/2015\/11\/17\/JavaScripts number","title":"JavaScript \u6570\u503c","url":"https:\/\/shenbao.github.io\/2015\/11\/17\/JavaScripts-number\/","author_key":"","author_id":0},{"site_id":"1348809","thread_id":"6401824723604341506","created_at":"2017-03-26T23:09:30+08:00","updated_at":"2017-03-26T23:09:30+08:00","likes":0,"views":0,"thread_key":"\/2015\/11\/20\/JavaScripts string","title":"JavaScript \u5b57\u7b26\u4e32","url":"https:\/\/shenbao.github.io\/2015\/11\/20\/JavaScripts-string\/","author_key":"","author_id":0},{"site_id":"1348809","thread_id":"6401826315070079746","created_at":"2017-03-26T23:15:41+08:00","updated_at":"2017-03-26T23:15:41+08:00","likes":0,"views":0,"thread_key":"\/2015\/11\/24\/JavaScripts object","title":"JavaScript \u5bf9\u8c61","url":"https:\/\/shenbao.github.io\/2015\/11\/24\/JavaScripts-object\/","author_key":"","author_id":0},{"site_id":"1348809","thread_id":"6401829300055573250","created_at":"2017-03-26T23:27:16+08:00","updated_at":"2017-03-26T23:27:16+08:00","likes":0,"views":0,"thread_key":"\/2015\/11\/29\/JavaScripts array","title":"JavaScript \u6570\u7ec4","url":"https:\/\/shenbao.github.io\/2015\/11\/29\/JavaScripts-array\/","author_key":"","author_id":0},{"site_id":"1348809","thread_id":"6401830068049412866","created_at":"2017-03-26T23:30:15+08:00","updated_at":"2017-03-26T23:30:15+08:00","likes":0,"views":0,"thread_key":"\/2015\/12\/03\/JavaScripts function","title":"JavaScript \u51fd\u6570","url":"https:\/\/shenbao.github.io\/2015\/12\/03\/JavaScripts-function\/","author_key":"","author_id":0},{"site_id":"1348809","thread_id":"6402173851563721474","created_at":"2017-03-27T21:44:18+08:00","updated_at":"2017-03-27T21:44:18+08:00","likes":0,"views":0,"thread_key":"\/2015\/12\/10\/JavaScripts conversion","title":"JavaScript \u6570\u636e\u7c7b\u578b\u8f6c\u6362","url":"https:\/\/shenbao.github.io\/2015\/12\/10\/JavaScripts-conversion\/","author_key":"","author_id":0},{"site_id":"1348809","thread_id":"6404413827051422466","created_at":"2017-04-02T22:36:33+08:00","updated_at":"2017-04-02T22:36:33+08:00","likes":0,"views":0,"thread_key":"\/2016\/05\/10\/gulp Introduction to entry","title":"Gulp \u5165\u95e8\u6307\u5357","url":"http:\/\/localhost:4000\/2016\/05\/10\/gulp-Introduction-to-entry\/","author_key":"","author_id":0},{"site_id":"1348809","thread_id":"6404413830121652993","created_at":"2017-04-02T22:36:34+08:00","updated_at":"2017-04-02T22:36:34+08:00","likes":0,"views":0,"thread_key":"\/2016\/05\/10\/gulp Introduction to entry","title":"Gulp \u5165\u95e8\u6307\u5357","url":"http:\/\/localhost:4000\/2016\/05\/10\/gulp-Introduction-to-entry\/","author_key":"","author_id":0},{"site_id":"1348809","thread_id":"6404425225747825410","created_at":"2017-04-02T23:20:47+08:00","updated_at":"2017-04-02T23:20:47+08:00","likes":0,"views":0,"thread_key":"\/2016\/05\/07\/CSS Coding specification","title":"CSS \u7f16\u7801\u89c4\u8303","url":"http:\/\/localhost:4000\/2016\/05\/07\/CSS-Coding-specification\/","author_key":"","author_id":0},{"site_id":"1348809","thread_id":"6404425847670833922","created_at":"2017-04-02T23:23:12+08:00","updated_at":"2017-04-02T23:23:12+08:00","likes":0,"views":0,"thread_key":"\/2016\/05\/06\/CSS Coding specification","title":"CSS \u7f16\u7801\u89c4\u8303","url":"https:\/\/shenbao.github.io\/2016\/05\/06\/CSS-Coding-specification\/","author_key":"","author_id":0},{"site_id":"1348809","thread_id":"6404430083502637826","created_at":"2017-04-02T23:39:38+08:00","updated_at":"2017-04-02T23:39:38+08:00","likes":0,"views":0,"thread_key":"\/2017\/03\/19\/Thailand of Pattaya and Bangkok","title":"\u56e2\u961f2017\u6cf0\u56fd\u65c5\u6e38\u8bb0","url":"http:\/\/localhost:4000\/2017\/03\/19\/Thailand-of-Pattaya-and-Bangkok\/","author_key":"","author_id":0},{"site_id":"1348809","thread_id":"6404431703489643266","created_at":"2017-04-02T23:45:55+08:00","updated_at":"2017-04-02T23:45:55+08:00","likes":1,"views":0,"thread_key":"\/2017\/03\/18\/Thailand of Pattaya and Bangkok","title":"\u56e2\u961f2017\u6cf0\u56fd\u65c5\u6e38\u8bb0","url":"https:\/\/shenbao.github.io\/2017\/03\/18\/Thailand-of-Pattaya-and-Bangkok\/","author_key":"","author_id":0},{"site_id":"1348809","thread_id":"6404762311839449857","created_at":"2017-04-03T21:08:51+08:00","updated_at":"2017-04-03T21:08:51+08:00","likes":0,"views":0,"thread_key":"\/2017\/01\/16\/Javascript 0.1+0.2 != 0.3","title":"JavaScript \u4e2d 0.1+0.2 \u4e0d\u7b49\u4e8e 0.3","url":"https:\/\/shenbao.github.io\/2017\/01\/16\/Javascript-0.1+0.2-!=-0.3\/","author_key":"","author_id":0},{"site_id":"1348809","thread_id":"6404773508693361409","created_at":"2017-04-03T21:52:18+08:00","updated_at":"2017-04-03T21:52:18+08:00","likes":0,"views":0,"thread_key":"\/2016\/05\/11\/gulp Introduction to entry","title":"Gulp \u5165\u95e8\u6307\u5357","url":"http:\/\/localhost:4000\/2016\/05\/11\/gulp-Introduction-to-entry\/","author_key":"","author_id":0},{"site_id":"1348809","thread_id":"6404773509209260802","created_at":"2017-04-03T21:52:18+08:00","updated_at":"2017-04-03T21:52:18+08:00","likes":0,"views":0,"thread_key":"\/2016\/05\/11\/gulp Introduction to entry","title":"Gulp \u5165\u95e8\u6307\u5357","url":"http:\/\/localhost:4000\/2016\/05\/11\/gulp-Introduction-to-entry\/","author_key":"","author_id":0},{"site_id":"1348809","thread_id":"6404774385755882242","created_at":"2017-04-03T21:55:42+08:00","updated_at":"2017-04-03T21:55:42+08:00","likes":0,"views":0,"thread_key":"\/2017\/02\/16\/Javascript use of  regular","title":"\u6b63\u5219\u57fa\u7840","url":"http:\/\/localhost:4000\/2017\/02\/16\/Javascript-use-of-regular\/","author_key":"","author_id":0},{"site_id":"1348809","thread_id":"6404774408656782081","created_at":"2017-04-03T21:55:48+08:00","updated_at":"2017-04-03T21:55:48+08:00","likes":0,"views":0,"thread_key":"\/2017\/01\/22\/Javascript undefined\u3001null\u30010\u3001false","title":"\u533a\u5206JS\u4e2d\u7684undefined,null, ' ' ,0\u548cfalse","url":"http:\/\/localhost:4000\/2017\/01\/22\/Javascript-undefined-null-0-false\/","author_key":"","author_id":0},{"site_id":"1348809","thread_id":"6404781836777554690","created_at":"2017-04-03T22:24:37+08:00","updated_at":"2017-04-03T22:24:37+08:00","likes":0,"views":0,"thread_key":"\/2016\/07\/02\/React about","title":"React \u4ecb\u7ecd","url":"http:\/\/localhost:4000\/2016\/07\/02\/React-about\/","author_key":"","author_id":0},{"site_id":"1348809","thread_id":"6404789779111609089","created_at":"2017-04-03T22:55:26+08:00","updated_at":"2017-04-03T22:55:26+08:00","likes":0,"views":0,"thread_key":"\/2016\/07\/05\/React jsx","title":"React JSX","url":"http:\/\/localhost:4000\/2016\/07\/05\/React-jsx\/","author_key":"","author_id":0},{"site_id":"1348809","thread_id":"6404794736342729474","created_at":"2017-04-03T23:14:40+08:00","updated_at":"2017-04-03T23:14:40+08:00","likes":0,"views":0,"thread_key":"\/2016\/07\/04\/React jsx","title":"React JSX","url":"https:\/\/shenbao.github.io\/2016\/07\/04\/React-jsx\/","author_key":"","author_id":0},{"site_id":"1348809","thread_id":"6404794772506018561","created_at":"2017-04-03T23:14:49+08:00","updated_at":"2017-04-03T23:14:49+08:00","likes":1,"views":0,"thread_key":"\/2016\/07\/01\/React about","title":"React \u4ecb\u7ecd","url":"https:\/\/shenbao.github.io\/2016\/07\/01\/React-about\/","author_key":"","author_id":0},{"site_id":"1348809","thread_id":"6404795666459001602","created_at":"2017-04-03T23:18:17+08:00","updated_at":"2017-04-03T23:18:17+08:00","likes":0,"views":0,"thread_key":"\/2016\/07\/09\/React component","title":"React Componnet","url":"http:\/\/localhost:4000\/2016\/07\/09\/React-component\/","author_key":"","author_id":0},{"site_id":"1348809","thread_id":"6404799581359440642","created_at":"2017-04-03T23:33:28+08:00","updated_at":"2017-04-03T23:33:28+08:00","likes":1,"views":0,"thread_key":"\/2016\/07\/08\/React component","title":"React Componnet","url":"https:\/\/shenbao.github.io\/2016\/07\/08\/React-component\/","author_key":"","author_id":0},{"site_id":"1348809","thread_id":"6404803531676582657","created_at":"2017-04-03T23:48:48+08:00","updated_at":"2017-04-03T23:48:48+08:00","likes":0,"views":0,"thread_key":"\/2016\/07\/13\/React Componnet Lifecycle","title":"Reacts Componnet","url":"http:\/\/localhost:4000\/2016\/07\/13\/React-Componnet-Lifecycle\/","author_key":"","author_id":0},{"site_id":"1348809","thread_id":"6404815623209091842","created_at":"2017-04-04T00:35:44+08:00","updated_at":"2017-04-04T00:35:44+08:00","likes":0,"views":0,"thread_key":"\/2016\/07\/12\/React Componnet Lifecycle","title":"React Componnet Lifecycle","url":"https:\/\/shenbao.github.io\/2016\/07\/12\/React-Componnet-Lifecycle\/","author_key":"","author_id":0},{"site_id":"1348809","thread_id":"6404816836965171969","created_at":"2017-04-04T00:40:26+08:00","updated_at":"2017-04-04T00:40:26+08:00","likes":0,"views":0,"thread_key":"\/2016\/07\/16\/React Dom","title":"React Dom","url":"http:\/\/localhost:4000\/2016\/07\/16\/React-Dom\/","author_key":"","author_id":0},{"site_id":"1348809","thread_id":"6404816837451711233","created_at":"2017-04-04T00:40:26+08:00","updated_at":"2017-04-04T00:40:26+08:00","likes":0,"views":0,"thread_key":"\/2016\/07\/16\/React Dom","title":"React Dom","url":"http:\/\/localhost:4000\/2016\/07\/16\/React-Dom\/","author_key":"","author_id":0},{"site_id":"1348809","thread_id":"6404821367539106562","created_at":"2017-04-04T00:58:01+08:00","updated_at":"2017-04-04T00:58:01+08:00","likes":0,"views":0,"thread_key":"\/2016\/07\/15\/React Dom","title":"React Dom","url":"https:\/\/shenbao.github.io\/2016\/07\/15\/React-Dom\/","author_key":"","author_id":0},{"site_id":"1348809","thread_id":"6404825181000303361","created_at":"2017-04-04T01:12:49+08:00","updated_at":"2017-04-04T01:12:49+08:00","likes":0,"views":0,"thread_key":"\/2016\/06\/16\/React","title":"React\u5b66\u4e60\u6307\u5357","url":"http:\/\/localhost:4000\/2016\/06\/16\/React\/","author_key":"","author_id":0},{"site_id":"1348809","thread_id":"6404992337608442626","created_at":"2017-04-04T12:01:28+08:00","updated_at":"2017-04-04T12:01:28+08:00","likes":0,"views":0,"thread_key":"\/2016\/06\/19\/Babel","title":"Babel \u4f7f\u7528\u6307\u5357","url":"http:\/\/localhost:4000\/2016\/06\/19\/Babel\/","author_key":"","author_id":0},{"site_id":"1348809","thread_id":"6405001152210928386","created_at":"2017-04-04T12:35:40+08:00","updated_at":"2017-04-04T12:35:40+08:00","likes":0,"views":0,"thread_key":"\/2016\/06\/15\/React","title":"React\u5b66\u4e60\u6307\u5357","url":"https:\/\/shenbao.github.io\/2016\/06\/15\/React\/","author_key":"","author_id":0},{"site_id":"1348809","thread_id":"6405001158464635650","created_at":"2017-04-04T12:35:42+08:00","updated_at":"2017-04-04T12:35:42+08:00","likes":0,"views":0,"thread_key":"\/2016\/06\/18\/Babel","title":"Babel \u4f7f\u7528\u6307\u5357","url":"https:\/\/shenbao.github.io\/2016\/06\/18\/Babel\/","author_key":"","author_id":0},{"site_id":"1348809","thread_id":"6405085017227133697","created_at":"2017-04-04T18:01:07+08:00","updated_at":"2017-04-04T18:01:07+08:00","likes":0,"views":0,"thread_key":"\/2017\/02\/19\/Javascript Localstorage","title":"Javascript \u672c\u5730\u5b58\u50a8","url":"https:\/\/shenbao.github.io\/2017\/02\/19\/Javascript-Localstorage\/","author_key":"","author_id":0},{"site_id":"1348809","thread_id":"6405085045949727489","created_at":"2017-04-04T18:01:13+08:00","updated_at":"2017-04-04T18:01:13+08:00","likes":0,"views":0,"thread_key":"\/2017\/02\/15\/Javascript use of  regular","title":"\u6b63\u5219\u57fa\u7840","url":"https:\/\/shenbao.github.io\/2017\/02\/15\/Javascript-use-of-regular\/","author_key":"","author_id":0},{"site_id":"1348809","thread_id":"6405085065176417026","created_at":"2017-04-04T18:01:18+08:00","updated_at":"2017-04-04T18:01:18+08:00","likes":0,"views":0,"thread_key":"\/2017\/01\/21\/Javascript undefined\u3001null\u30010\u3001false","title":"\u533a\u5206JS\u4e2d\u7684undefined,null, ' ' ,0\u548cfalse","url":"https:\/\/shenbao.github.io\/2017\/01\/21\/Javascript-undefined-null-0-false\/","author_key":"","author_id":0},{"site_id":"1348809","thread_id":"6405085115172520706","created_at":"2017-04-04T18:01:30+08:00","updated_at":"2017-04-04T18:01:30+08:00","likes":0,"views":0,"thread_key":"\/2016\/06\/14\/JavaScript Coding specification","title":"JavaScript \u7f16\u7801\u89c4\u8303","url":"https:\/\/shenbao.github.io\/2016\/06\/14\/JavaScript-Coding-specification\/","author_key":"","author_id":0},{"site_id":"1348809","thread_id":"6407970853601936130","created_at":"2017-04-12T12:39:38+08:00","updated_at":"2017-04-12T12:39:38+08:00","likes":0,"views":0,"thread_key":"\/2017\/04\/11\/mysql install for windows","title":"mysql\u5b89\u88c5\u914d\u7f6e","url":"https:\/\/shenbao.github.io\/2017\/04\/11\/mysql-install-for-windows\/","author_key":"","author_id":0},{"site_id":"1348809","thread_id":"6407974862005994242","created_at":"2017-04-12T12:55:11+08:00","updated_at":"2017-04-12T12:55:11+08:00","likes":1,"views":0,"thread_key":"\/2017\/04\/11\/mysql install","title":"mysql\u5b89\u88c5\u914d\u7f6e","url":"https:\/\/shenbao.github.io\/2017\/04\/11\/mysql-install\/","author_key":"","author_id":0},{"site_id":"1348809","thread_id":"6408319683958670081","created_at":"2017-04-13T11:13:16+08:00","updated_at":"2017-04-13T11:13:16+08:00","likes":0,"views":0,"thread_key":"\/2015\/12\/19\/anywhere server","title":"anywhere \u968f\u65f6\u968f\u5730\u5c06\u4f60\u7684\u5f53\u524d\u76ee\u5f55\u53d8\u6210\u4e00\u4e2a\u9759\u6001\u6587\u4ef6\u670d\u52a1\u5668\u7684\u6839\u76ee\u5f55","url":"https:\/\/shenbao.github.io\/2015\/12\/19\/anywhere-server\/","author_key":"","author_id":0},{"site_id":"1348809","thread_id":"6408879959552557826","created_at":"2017-04-14T23:27:26+08:00","updated_at":"2017-04-14T23:27:26+08:00","likes":0,"views":0,"thread_key":"\/2016\/07\/10\/JavaScript input","title":"js \u5b9e\u65f6\u76d1\u542cinput\u4e2d\u503c\u53d8\u5316","url":"https:\/\/shenbao.github.io\/2016\/07\/10\/JavaScript-input\/","author_key":"","author_id":0},{"site_id":"1348809","thread_id":"6409100061627646722","created_at":"2017-04-15T13:41:32+08:00","updated_at":"2017-04-15T13:41:32+08:00","likes":0,"views":0,"thread_key":"\/2016\/07\/11\/JavaScript input","title":"js \u5b9e\u65f6\u76d1\u542cinput\u4e2d\u503c\u53d8\u5316","url":"http:\/\/localhost:4000\/2016\/07\/11\/JavaScript-input\/","author_key":"","author_id":0},{"site_id":"1348809","thread_id":"6409237190588498689","created_at":"2017-04-15T22:33:40+08:00","updated_at":"2017-04-15T22:33:40+08:00","likes":0,"views":0,"thread_key":"\/2017\/10\/16\/Javascript 0.1+0.2 != 0.3","title":"JavaScript \u4e2d 0.1+0.2 \u4e0d\u7b49\u4e8e 0.3","url":"https:\/\/shenbao.github.io\/2017\/10\/16\/Javascript-0.1+0.2-!=-0.3\/","author_key":"","author_id":0},{"site_id":"1348809","thread_id":"6409275353591710465","created_at":"2017-04-16T01:01:45+08:00","updated_at":"2017-04-16T01:01:45+08:00","likes":0,"views":0,"thread_key":"\/2016\/02\/19\/Javascript Localstorage","title":"Javascript \u672c\u5730\u5b58\u50a8","url":"https:\/\/shenbao.github.io\/2016\/02\/19\/Javascript-Localstorage\/","author_key":"","author_id":0},{"site_id":"1348809","thread_id":"6410539635906183937","created_at":"2017-04-19T10:47:49+08:00","updated_at":"2017-04-19T10:47:49+08:00","likes":1,"views":0,"thread_key":"\/2017\/04\/19\/Javascript window.open","title":"javascript\u5173\u4e8ewindow.open\u5b50\u9875\u9762\u6267\u884c\u5b8c\u6210\u540e\u5237\u65b0\u7236\u9875\u9762\u7684\u65b9\u6cd5\u53ca\u4f20\u9001\u6570\u636e\u7ed9\u7236\u9875\u9762","url":"https:\/\/shenbao.github.io\/2017\/04\/19\/Javascript-window.open\/","author_key":"","author_id":0},{"site_id":"1348809","thread_id":"6410582229830861570","created_at":"2017-04-19T13:33:06+08:00","updated_at":"2017-04-19T13:33:06+08:00","likes":0,"views":0,"thread_key":"\/2016\/10\/16\/Javascript 0.1+0.2 != 0.3","title":"JavaScript \u4e2d 0.1+0.2 \u4e0d\u7b49\u4e8e 0.3","url":"https:\/\/shenbao.github.io\/2016\/10\/16\/Javascript-0.1+0.2-!=-0.3\/","author_key":"","author_id":0},{"site_id":"1348809","thread_id":"6412044885158789890","created_at":"2017-04-23T12:08:57+08:00","updated_at":"2017-04-23T12:08:57+08:00","likes":0,"views":0,"thread_key":"\/2015\/12\/12\/Hello Blog","title":"Hello Blog","url":"http:\/\/localhost:4000\/2015\/12\/12\/Hello-Blog\/","author_key":"","author_id":0},{"site_id":"1348809","thread_id":"6412044887989945090","created_at":"2017-04-23T12:08:58+08:00","updated_at":"2017-04-23T12:08:58+08:00","likes":0,"views":0,"thread_key":"\/2015\/12\/12\/Hello Blog","title":"Hello Blog","url":"http:\/\/localhost:4000\/2015\/12\/12\/Hello-Blog\/","author_key":"","author_id":0},{"site_id":"1348809","thread_id":"6412045218656289537","created_at":"2017-04-23T12:10:15+08:00","updated_at":"2017-04-23T12:10:15+08:00","likes":0,"views":0,"thread_key":"\/2015\/12\/11\/Hello Blog","title":"Hello Blog","url":"https:\/\/shenbao.github.io\/2015\/12\/11\/Hello-Blog\/","author_key":"","author_id":0},{"site_id":"1348809","thread_id":"6412048491870159617","created_at":"2017-04-23T12:22:57+08:00","updated_at":"2017-04-23T12:22:57+08:00","likes":0,"views":0,"thread_key":"\/2015\/12\/20\/anywhere server","title":"anywhere \u968f\u65f6\u968f\u5730\u5c06\u4f60\u7684\u5f53\u524d\u76ee\u5f55\u53d8\u6210\u4e00\u4e2a\u9759\u6001\u6587\u4ef6\u670d\u52a1\u5668\u7684\u6839\u76ee\u5f55","url":"http:\/\/localhost:4000\/2015\/12\/20\/anywhere-server\/","author_key":"","author_id":0},{"site_id":"1348809","thread_id":"6412048530671665922","created_at":"2017-04-23T12:23:06+08:00","updated_at":"2017-04-23T12:23:06+08:00","likes":0,"views":0,"thread_key":"\/2016\/02\/20\/Javascript Localstorage","title":"Javascript \u672c\u5730\u5b58\u50a8","url":"http:\/\/localhost:4000\/2016\/02\/20\/Javascript-Localstorage\/","author_key":"","author_id":0},{"site_id":"1348809","thread_id":"6412048593691083521","created_at":"2017-04-23T12:23:21+08:00","updated_at":"2017-04-23T12:23:21+08:00","likes":0,"views":0,"thread_key":"\/2016\/04\/07\/CSS Coding specification","title":"CSS \u7f16\u7801\u89c4\u8303","url":"http:\/\/localhost:4000\/2016\/04\/07\/CSS-Coding-specification\/","author_key":"","author_id":0},{"site_id":"1348809","thread_id":"6412048595771458306","created_at":"2017-04-23T12:23:21+08:00","updated_at":"2017-04-23T12:23:21+08:00","likes":0,"views":0,"thread_key":"\/2016\/04\/07\/CSS Coding specification","title":"CSS \u7f16\u7801\u89c4\u8303","url":"http:\/\/localhost:4000\/2016\/04\/07\/CSS-Coding-specification\/","author_key":"","author_id":0},{"site_id":"1348809","thread_id":"6412048753951245057","created_at":"2017-04-23T12:23:58+08:00","updated_at":"2017-04-23T12:23:58+08:00","likes":0,"views":0,"thread_key":"\/2016\/08\/16\/Javascript use of  regular","title":"\u6b63\u5219\u57fa\u7840","url":"http:\/\/localhost:4000\/2016\/08\/16\/Javascript-use-of-regular\/","author_key":"","author_id":0},{"site_id":"1348809","thread_id":"6412048782107607810","created_at":"2017-04-23T12:24:05+08:00","updated_at":"2017-04-23T12:24:05+08:00","likes":0,"views":0,"thread_key":"\/2016\/10\/17\/Javascript 0.1+0.2 != 0.3","title":"JavaScript \u4e2d 0.1+0.2 \u4e0d\u7b49\u4e8e 0.3","url":"http:\/\/localhost:4000\/2016\/10\/17\/Javascript-0.1+0.2-!=-0.3\/","author_key":"","author_id":0},{"site_id":"1348809","thread_id":"6412049515464884993","created_at":"2017-04-23T12:26:55+08:00","updated_at":"2017-04-23T12:26:55+08:00","likes":0,"views":0,"thread_key":"\/2016\/11\/02\/Javascript Test  data type","title":"JavaScript\u6570\u636e\u7c7b\u578b\u68c0\u6d4b\u7684\u65b9\u6cd5","url":"http:\/\/localhost:4000\/2016\/11\/02\/Javascript-Test-data-type\/","author_key":"","author_id":0},{"site_id":"1348809","thread_id":"6412049663188271874","created_at":"2017-04-23T12:27:30+08:00","updated_at":"2017-04-23T12:27:30+08:00","likes":0,"views":0,"thread_key":"\/2017\/04\/12\/mysql install","title":"mysql\u5b89\u88c5\u914d\u7f6e","url":"http:\/\/localhost:4000\/2017\/04\/12\/mysql-install\/","author_key":"","author_id":0},{"site_id":"1348809","thread_id":"6412049705466856194","created_at":"2017-04-23T12:27:40+08:00","updated_at":"2017-04-23T12:27:40+08:00","likes":0,"views":0,"thread_key":"\/2017\/04\/20\/Javascript window.open","title":"javascript\u5173\u4e8ewindow.open\u5b50\u9875\u9762\u6267\u884c\u5b8c\u6210\u540e\u5237\u65b0\u7236\u9875\u9762\u7684\u65b9\u6cd5\u53ca\u4f20\u9001\u6570\u636e\u7ed9\u7236\u9875\u9762","url":"http:\/\/localhost:4000\/2017\/04\/20\/Javascript-window.open\/","author_key":"","author_id":0},{"site_id":"1348809","thread_id":"6412049705563325185","created_at":"2017-04-23T12:27:40+08:00","updated_at":"2017-04-23T12:27:40+08:00","likes":0,"views":0,"thread_key":"\/2017\/04\/20\/Javascript window.open","title":"javascript\u5173\u4e8ewindow.open\u5b50\u9875\u9762\u6267\u884c\u5b8c\u6210\u540e\u5237\u65b0\u7236\u9875\u9762\u7684\u65b9\u6cd5\u53ca\u4f20\u9001\u6570\u636e\u7ed9\u7236\u9875\u9762","url":"http:\/\/localhost:4000\/2017\/04\/20\/Javascript-window.open\/","author_key":"","author_id":0},{"site_id":"1348809","thread_id":"6415796709850350337","created_at":"2017-05-03T14:47:57+08:00","updated_at":"2017-05-03T14:47:57+08:00","likes":0,"views":0,"thread_key":"\/2016\/04\/06\/CSS Coding specification","title":"CSS \u7f16\u7801\u89c4\u8303","url":"https:\/\/shenbao.github.io\/2016\/04\/06\/CSS-Coding-specification\/","author_key":"","author_id":0},{"site_id":"1348809","thread_id":"6415796834966438658","created_at":"2017-05-03T14:48:26+08:00","updated_at":"2017-05-03T14:48:26+08:00","likes":0,"views":0,"thread_key":"\/2016\/08\/15\/Javascript use of  regular","title":"\u6b63\u5219\u57fa\u7840","url":"https:\/\/shenbao.github.io\/2016\/08\/15\/Javascript-use-of-regular\/","author_key":"","author_id":0},{"site_id":"1348809","thread_id":"6421282574013825793","created_at":"2017-05-18T09:35:54+08:00","updated_at":"2017-05-18T09:35:54+08:00","likes":0,"views":0,"thread_key":"\/2017\/04\/23\/justjavac live","title":"jjc\u300a\u524d\u7aef\u5de5\u7a0b\u5e08\u7684\u5165\u95e8\u4e0e\u8fdb\u9636\u300b","url":"http:\/\/localhost:4000\/2017\/04\/23\/justjavac-live\/","author_key":"","author_id":0},{"site_id":"1348809","thread_id":"6421282574345175810","created_at":"2017-05-18T09:35:54+08:00","updated_at":"2017-05-18T09:35:54+08:00","likes":0,"views":0,"thread_key":"\/2017\/04\/23\/justjavac live","title":"jjc\u300a\u524d\u7aef\u5de5\u7a0b\u5e08\u7684\u5165\u95e8\u4e0e\u8fdb\u9636\u300b","url":"http:\/\/localhost:4000\/2017\/04\/23\/justjavac-live\/","author_key":"","author_id":0},{"site_id":"1348809","thread_id":"6421283383090873090","created_at":"2017-05-18T09:39:03+08:00","updated_at":"2017-05-18T09:39:03+08:00","likes":0,"views":0,"thread_key":"\/2017\/04\/22\/justjavac live","title":"justjavac \u300a\u524d\u7aef\u5de5\u7a0b\u5e08\u7684\u5165\u95e8\u4e0e\u8fdb\u9636\u300b","url":"https:\/\/shenbao.github.io\/2017\/04\/22\/justjavac-live\/","author_key":"","author_id":0},{"site_id":"1348809","thread_id":"6425340854394684161","created_at":"2017-05-29T08:04:06+08:00","updated_at":"2017-05-29T08:04:06+08:00","likes":0,"views":0,"thread_key":"\/2017\/05\/17\/answers live","title":"\u77e5\u4e4elive \u2014 \u5c0f\u721d\u300a\u524d\u7aef\u5de5\u7a0b\u5e08\u5982\u4f55\u4e0d\u65ad\u81ea\u6211\u63d0\u5347\u9636\u300b","url":"http:\/\/localhost:4000\/2017\/05\/17\/answers-live\/","author_key":"","author_id":0},{"site_id":"1348809","thread_id":"6425347971587506945","created_at":"2017-05-29T08:31:43+08:00","updated_at":"2017-05-29T08:31:43+08:00","likes":0,"views":0,"thread_key":"\/2017\/05\/03\/es6 list","title":"ES6 \u65b0\u7279\u6027\u5217\u8868","url":"https:\/\/shenbao.github.io\/2017\/05\/03\/es6-list\/","author_key":"","author_id":0}],"posts":[{"post_id":"6398079913278046977","thread_id":6392924497418126081,"message":"\u603b\u7ed3\u5f97\u5f88\u597d~","site_id":"1348809","created_at":"2017-03-16T20:57:44+08:00","updated_at":"1970-01-01T08:00:00+08:00","likes":0,"ip":"115.231.148.34","parents":null,"author_id":6259690702712603394,"author_email":"dota2mm@163.com","author_name":"A-Ten","author_url":"http:\/\/fedt.xin\/","author_key":0,"thread_key":"\/2017\/02\/27\/Quickly use of ES6","post_key":"6398079913278046977"},{"post_id":"6399976534014165761","thread_id":6392924497418126081,"message":"[\u63e1\u624b]","site_id":"1348809","created_at":"2017-03-21T23:37:35+08:00","updated_at":"1970-01-01T08:00:00+08:00","likes":0,"ip":"219.142.234.119","parents":[6398079913278046977],"author_id":6293733370375439105,"author_email":"1351814223@qq.com","author_name":"\u79cb\u601d\u6d6a\u4eba","author_url":"https:\/\/shenbao.github.io\/","author_key":null,"thread_key":"\/2017\/02\/27\/Quickly use of ES6","post_key":"6399976534014165761"},{"post_id":"6400148979966804737","thread_id":6399985886091543298,"message":"\u6211\u8fd8\u662f\u559c\u6b22\u7528notepad++","site_id":"1348809","created_at":"2017-03-22T10:46:46+08:00","updated_at":"1970-01-01T08:00:00+08:00","likes":0,"ip":"103.244.254.133","parents":null,"author_id":533665,"author_email":"m@leniy.org","author_name":"Leniy","author_url":"http:\/\/leniy.org\/","author_key":0,"thread_key":"\/2017\/03\/20\/Add Sublime Text3 to right menu","post_key":"6400148979966804737"},{"post_id":"6400303880587969281","thread_id":6399985886091543298,"message":"\u5389\u5bb3[\u8d5e]","site_id":"1348809","created_at":"2017-03-22T20:47:52+08:00","updated_at":"1970-01-01T08:00:00+08:00","likes":0,"ip":"114.241.87.135","parents":[6400148979966804737],"author_id":6293733370375439105,"author_email":"1351814223@qq.com","author_name":"\u79cb\u601d\u6d6a\u4eba","author_url":"https:\/\/shenbao.github.io\/","author_key":null,"thread_key":"\/2017\/03\/20\/Add Sublime Text3 to right menu","post_key":"6400303880587969281"}]}